{
  "version": "3.8",
  "services": {
    "mongodb": {
      "image": "mongo",
      "container_name": "mongodb",
      "restart": "unless-stopped",
      "ports": [
        "27017:27017"
      ],
      "environment": {
        "MONGO_INITDB_ROOT_USERNAME_FILE": "/run/secrets/mongodb_root",
        "MONGO_INITDB_ROOT_PASSWORD_FILE": "/run/secrets/mongodb_pass"
      },
      "secrets": [
        "mongodb_root",
        "mongodb_pass"
      ]
    },
    "mongo-express": {
      "image": "mongo-express",
      "container_name": "mongo-express",
      "restart": "unless-stopped",
      "ports": [
        "8081:8081"
      ],
      "environment": {
        "ME_CONFIG_MONGODB_SERVER": "mongodb",
        "ME_CONFIG_MONGODB_ADMINUSERNAME_FILE": "/run/secrets/mongodb_root",
        "ME_CONFIG_MONGODB_ADMINPASSWORD_FILE": "/run/secrets/mongodb_pass"
      },
      "secrets": [
        "mongodb_root",
        "mongodb_pass"
      ]
    }
  },
  "secrets": {
    "mongodb_root": {
      "file": "mongodb_root.secret"
    },
    "mongodb_pass": {
      "file": "mongodb_pass.secret"
    }
  },
  "volumes": {
    "db_data": null
  }
}